Código región,Región,Provincia,Código comuna,Comuna,total_poblacion,total_poblacion_migrante,porcentaje_migrante_total,porcentaje_migrante_fonasa,ruralidad,nivel_promedio,desviacion_estandar,Total_centros,promedio_pacientes,porcentaje_migrantes_promedio,Area,tasa_centros_10k,tasa_atenciones_10k,densidad_poblacional
1,Tarapacá,Iquique,1101,Iquique,199587.0,40655,20.37,27.01,0.0228399051928462,2.166558931264813,0.6341311976315218,12.0,14768.083333333334,20.08,2262.0,0.6,739.93,88.23
1,Tarapacá,Iquique,1107,Alto Hospicio,142086.0,37628,26.48,25.83,0.0129324280633689,3.358874878758487,2.9306925084206727,8.0,9143.833333333334,15.01,573.0,0.56,643.54,247.97
1,Tarapacá,Del Tamarugal,1401,Pozo Almonte,16878.0,3695,21.89,26.8,0.4235033259423504,4.423503325942351,0.4941136092621996,5.0,1738.1666666666667,12.82,13766.0,2.96,1029.84,1.23
1,Tarapacá,Del Tamarugal,1402,Camiña,1335.0,245,18.35,31.31,1.0,4.0,0.0,3.0,413.9166666666667,21.3,2200.0,22.47,3100.5,0.61
1,Tarapacá,Del Tamarugal,1403,Colchane,790.0,338,42.78,32.21,1.0,1.0,0.0,5.0,331.25,36.23,4016.0,63.29,4193.04,0.2
1,Tarapacá,Del Tamarugal,1404,Huara,2858.0,688,24.07,30.68,0.6802721088435375,1.0,0.0,8.0,476.9166666666667,23.1,10475.0,27.99,1668.71,0.27
1,Tarapacá,Del Tamarugal,1405,Pica,6272.0,1686,26.88,30.4,0.3636363636363635,4.0,0.0,4.0,902.4166666666666,17.05,8934.0,6.38,1438.8,0.7
2,Antofagasta,Antofagasta,2101,Antofagasta,401096.0,76793,19.15,24.79,0.0104515050167224,1.8651755852842808,0.6851931123973967,17.0,22050.166666666668,17.68,30718.0,0.42,549.75,13.06
2,Antofagasta,Antofagasta,2102,Mejillones,14084.0,4202,29.84,45.94,0.1764705882352941,3.4705882352941178,1.143660123248446,2.0,1765.0,26.42,3804.0,1.42,1253.2,3.7
2,Antofagasta,Antofagasta,2103,Sierra Gorda,1472.0,468,31.79,58.02,1.0,6.0,0.0,4.0,318.1666666666667,15.19,12886.0,27.17,2161.46,0.11
2,Antofagasta,Antofagasta,2104,Taltal,12097.0,948,7.84,12.91,0.2699115044247788,4.0,0.0,2.0,1015.9166666666666,5.18,20405.0,1.65,839.81,0.59
2,Antofagasta,El Loa,2201,Calama,166334.0,35221,21.17,26.98,0.0740350877192983,2.0996491228070178,1.2063719203539711,13.0,8531.5,19.02,15597.0,0.78,512.91,10.66
2,Antofagasta,El Loa,2202,Ollagüe,256.0,62,24.22,50.77,,,,1.0,30.75,0.27,2964.0,39.06,1201.17,0.09
2,Antofagasta,El Loa,2203,San Pedro de Atacama,9843.0,2740,27.84,30.44,0.7806267806267806,4.0,0.0,7.0,953.75,28.44,23439.0,7.11,968.96,0.42
2,Antofagasta,Tocopilla,2301,Tocopilla,25400.0,2802,11.03,14.8,0.1133004926108374,4.0,0.0,1.0,996.6666666666666,11.96,4039.0,0.39,392.39,6.29
2,Antofagasta,Tocopilla,2302,María Elena,4834.0,770,15.93,27.84,0.0677966101694915,1.9322033898305084,0.2513965588845988,3.0,342.8333333333333,13.98,12197.0,6.21,709.21,0.4
3,Atacama,Copiapó,3101,Copiapó,168831.0,19207,11.38,13.87,0.0180161943319838,1.717408906882591,0.7679699874481243,11.0,10615.0,4.92,16681.0,0.65,628.74,10.12
3,Atacama,Copiapó,3102,Caldera,18805.0,1114,5.92,8.15,0.0821643286573146,6.0,0.0,2.0,1739.75,0.25,4667.0,1.06,925.15,4.03
3,Atacama,Copiapó,3103,Tierra Amarilla,11846.0,682,5.76,9.07,0.2714285714285713,1.8142857142857145,1.3340899213948614,3.0,1933.6666666666667,6.84,11191.0,2.53,1632.34,1.06
3,Atacama,Chañaral,3201,Chañaral,12345.0,463,3.75,4.76,0.0839506172839505,4.0,0.0,3.0,1691.5,0.12,5772.0,2.43,1370.19,2.14
3,Atacama,Chañaral,3202,Diego de Almagro,11397.0,735,6.45,8.65,0.0900473933649288,5.549763033175355,1.4312482341745496,4.0,1477.3333333333333,4.88,18664.0,3.51,1296.25,0.61
3,Atacama,Huasco,3301,Vallenar,54222.0,2336,4.31,6.76,0.1787671232876713,2.962328767123288,2.512833918680477,11.0,3045.6666666666665,2.1,7084.0,2.03,561.7,7.65
3,Atacama,Huasco,3302,Alto del Carmen,4788.0,86,1.8,2.68,1.0,4.0,0.0,6.0,325.3333333333333,0.03,5939.0,12.53,679.48,0.81
3,Atacama,Huasco,3303,Freirina,7577.0,92,1.21,1.79,0.551219512195122,4.0,0.0,3.0,847.8333333333334,0.03,3578.0,3.96,1118.96,2.12
3,Atacama,Huasco,3304,Huasco,9369.0,452,4.82,7.88,0.3398876404494382,5.320224719101123,0.9473416117096336,5.0,1669.0,0.3,1601.0,5.34,1781.41,5.85
4,Coquimbo,Elqui,4101,La Serena,250141.0,15544,6.21,7.03,0.1117693522906793,1.9348341232227488,1.094335485196135,19.0,8997.333333333334,1.99,1893.0,0.76,359.69,132.14
4,Coquimbo,Elqui,4102,Coquimbo,263719.0,16971,6.44,6.79,0.070167286245353,1.891728624535316,0.8497136980975059,19.0,18528.58333333333,5.39,1429.0,0.72,702.59,184.55
4,Coquimbo,Elqui,4103,Andacollo,11566.0,135,1.17,1.3,0.3675675675675676,2.897297297297297,1.4464283105499087,1.0,1315.4166666666667,0.1,310.0,0.86,1137.31,37.31
4,Coquimbo,Elqui,4104,La Higuera,4335.0,110,2.54,6.36,0.7467532467532467,3.24025974025974,1.3046131675521988,5.0,504.4166666666667,0.08,4158.0,11.53,1163.59,1.04
4,Coquimbo,Elqui,4105,Paiguano,4649.0,122,2.62,3.81,1.0,4.0,0.0,5.0,400.4166666666667,0.67,1495.0,10.76,861.3,3.11
4,Coquimbo,Elqui,4106,Vicuña,28047.0,1239,4.42,6.32,0.3348837209302326,4.0,0.0,11.0,2806.25,2.08,7610.0,3.92,1000.55,3.69
4,Coquimbo,Choapa,4201,Illapel,32009.0,988,3.09,3.13,0.358974358974359,5.282051282051282,0.9593993299420362,16.0,3844.4166666666665,1.13,2629.0,5.0,1201.04,12.18
4,Coquimbo,Choapa,4202,Canela,9639.0,88,0.91,1.38,0.691860465116279,3.0755813953488373,1.3851736560187269,11.0,893.9166666666666,0.09,2197.0,11.41,927.4,4.39
4,Coquimbo,Choapa,4203,Los Vilos,22879.0,1382,6.04,11.77,0.3758389261744965,5.248322147651007,0.9686775061835552,6.0,3200.4166666666665,1.7,1861.0,2.62,1398.84,12.29
4,Coquimbo,Choapa,4204,Salamanca,27823.0,1271,4.57,5.91,0.4182509505703422,4.0,0.0,11.0,3253.0,2.15,3445.0,3.95,1169.18,8.08
4,Coquimbo,Limarí,4301,Ovalle,118696.0,5834,4.92,4.56,0.2491228070175439,4.910526315789474,2.434920237933258,23.0,9598.0,0.8,3835.0,1.94,808.62,30.95
4,Coquimbo,Limarí,4302,Combarbalá,12954.0,168,1.3,2.05,0.5248226950354611,2.425531914893617,1.498150361045442,13.0,1965.5833333333333,0.15,1896.0,10.04,1517.36,6.83
4,Coquimbo,Limarí,4303,Monte Patria,29997.0,452,1.51,2.0,0.5403508771929824,4.0,0.0,14.0,2823.333333333333,0.2,4366.0,4.67,941.21,6.87
4,Coquimbo,Limarí,4304,Punitaqui,12076.0,236,1.95,2.29,0.5846153846153845,2.246153846153846,1.4783646810504891,5.0,1267.1666666666667,0.63,1339.0,4.14,1049.33,9.02
4,Coquimbo,Limarí,4305,Río Hurtado,4334.0,0,0.0,1.21,1.0,1.0,0.0,8.0,533.25,0.0,2117.0,18.46,1230.39,2.05
5,Valparaíso,Valparaíso,5101,Valparaíso,284938.0,13223,4.64,5.11,0.0249410178631614,1.911695315133131,0.745927980162366,27.0,16580.166666666668,3.85,402.0,0.95,581.89,708.8
5,Valparaíso,Valparaíso,5102,Casablanca,29876.0,2250,7.53,8.2,0.407942238267148,5.184115523465704,0.9829046108442822,5.0,2150.9166666666665,3.22,953.0,1.67,719.95,31.35
5,Valparaíso,Valparaíso,5103,Concón,48294.0,4065,8.42,11.36,0.2142857142857142,3.75974025974026,0.4272411467427527,1.0,3830.0833333333335,4.31,76.0,0.21,793.08,635.45
5,Valparaíso,Valparaíso,5104,Juan Fernández,904.0,0,0.0,2.62,,,,2.0,154.08333333333334,0.76,148.0,22.12,1704.46,6.11
5,Valparaíso,Valparaíso,5105,Puchuncaví,22539.0,949,4.21,5.0,0.2912280701754386,4.0,0.0,9.0,2428.333333333333,1.4,300.0,3.99,1077.39,75.13
5,Valparaíso,Valparaíso,5107,Quintero,35754.0,1833,5.13,5.67,0.3629032258064515,6.0,0.0,4.0,3165.833333333333,1.0,148.0,1.12,885.45,241.58
5,Valparaíso,Valparaíso,5109,Viña del Mar,334871.0,21597,6.45,7.49,0.0,2.019241192411924,0.6488751733628805,20.0,16700.0,1.91,122.0,0.6,498.7,2744.84
5,Valparaíso,Isla de Pascua,5201,Isla de Pascua,4800.0,182,3.79,8.59,,,,1.0,453.4166666666667,4.12,164.0,2.08,944.62,29.27
5,Valparaíso,Los Andes,5301,Los Andes,63440.0,4086,6.44,8.71,0.2038123167155425,5.592375366568915,0.8056621035411455,5.0,5144.25,0.2,1248.0,0.79,810.88,50.83
5,Valparaíso,Los Andes,5302,Calle Larga,16597.0,528,3.18,4.09,0.540983606557377,4.918032786885246,0.99663502646365,3.0,1883.25,1.38,322.0,1.81,1134.69,51.54
5,Valparaíso,Los Andes,5303,Rinconada,11855.0,379,3.2,3.21,0.6989966555183946,4.0,0.0,2.0,2040.0833333333333,0.26,123.0,1.69,1720.86,96.38
5,Valparaíso,Los Andes,5304,San Esteban,20112.0,593,2.95,3.54,0.5049999999999999,4.99,0.9999499987499376,6.0,2418.5,0.07,1362.0,2.98,1202.52,14.77
5,Valparaíso,Petorca,5401,La Ligua,39270.0,1651,4.2,6.07,0.2886904761904763,5.422619047619048,0.906307420575143,13.0,3769.8333333333335,1.74,1163.0,3.31,959.98,33.77
5,Valparaíso,Petorca,5402,Cabildo,20015.0,461,2.3,3.71,0.5123152709359606,4.0,0.0,6.0,1730.25,0.41,1455.0,3.0,864.48,13.76
5,Valparaíso,Petorca,5403,Papudo,7561.0,377,4.99,6.28,0.2615384615384615,3.2153846153846155,1.31841755603868,4.0,1136.9166666666667,2.73,166.0,5.29,1503.66,45.55
5,Valparaíso,Petorca,5404,Petorca,10206.0,199,1.95,3.7,0.5284090909090908,4.0,0.0,5.0,1858.0833333333333,0.6,1517.0,4.9,1820.58,6.73
5,Valparaíso,Petorca,5405,Zapallar,7980.0,228,2.86,4.84,0.6089552238805971,3.217910447761194,0.975968768330481,5.0,1041.8333333333333,1.67,288.0,6.27,1305.56,27.71
5,Valparaíso,Quillota,5501,Quillota,96753.0,7951,8.22,9.38,0.1511216056670601,4.148760330578512,0.8578109742070339,11.0,11159.083333333334,2.55,302.0,1.14,1153.36,320.37
5,Valparaíso,Quillota,5502,Calera,50631.0,2991,5.91,7.0,0.1701754385964913,4.436842105263158,2.697700878099874,9.0,7687.416666666667,1.51,61.0,1.78,1518.32,830.02
5,Valparaíso,Quillota,5503,Hijuelas,19286.0,832,4.31,5.31,0.4184100418410041,4.0,0.0,4.0,3087.9166666666665,2.04,267.0,2.07,1601.12,72.23
5,Valparaíso,Quillota,5504,La Cruz,24939.0,1454,5.83,6.91,0.46875,5.0625,0.998044963916957,2.0,2269.583333333333,1.36,78.0,0.8,910.05,319.73
5,Valparaíso,Quillota,5506,Nogales,22136.0,528,2.39,2.72,0.3665480427046264,4.0,0.0,5.0,2704.75,0.63,405.0,2.26,1221.88,54.66
5,Valparaíso,San Antonio,5601,San Antonio,96770.0,5216,5.39,6.6,0.1253229974160206,5.213178294573644,2.529879730111928,15.0,6523.25,1.51,405.0,1.55,674.1,238.94
5,Valparaíso,San Antonio,5602,Algarrobo,16076.0,701,4.36,6.13,0.3690036900369005,5.2619926199262,0.9650698767986732,4.0,1153.0833333333333,0.51,176.0,2.49,717.27,91.34
5,Valparaíso,San Antonio,5603,Cartagena,24599.0,900,3.66,5.97,0.3413333333333332,4.0,0.0,6.0,1523.8333333333333,1.99,246.0,2.44,619.47,100.0
5,Valparaíso,San Antonio,5604,El Quisco,18971.0,1263,6.66,10.87,0.125,3.75,0.6614378277661477,4.0,1092.5,1.83,51.0,2.11,575.88,371.98
5,Valparaíso,San Antonio,5605,El Tabo,16260.0,472,2.9,4.54,0.1369294605809128,3.589211618257261,1.0313185980352522,4.0,1021.25,0.2,99.0,2.46,628.08,164.24
5,Valparaíso,San Antonio,5606,Santo Domingo,13171.0,407,3.09,4.78,0.4756756756756757,6.524324324324325,0.499407976754642,5.0,844.4166666666666,0.49,536.0,3.8,641.12,24.57
5,Valparaíso,San Felipe de Aconcagua,5701,San Felipe,80413.0,8232,10.24,9.89,0.1697892271662764,2.2540983606557377,0.9916871436060696,6.0,7322.833333333333,0.16,186.0,0.75,910.65,432.33
5,Valparaíso,San Felipe de Aconcagua,5702,Catemu,13760.0,284,2.06,4.23,0.5414634146341464,4.0,0.0,3.0,2241.9166666666665,0.06,362.0,2.18,1629.3,38.01
5,Valparaíso,San Felipe de Aconcagua,5703,Llaillay,25484.0,1015,3.98,5.37,0.4043478260869566,5.191304347826087,0.9815307669670044,2.0,1555.8333333333333,0.33,349.0,0.78,610.51,73.02
5,Valparaíso,San Felipe de Aconcagua,5704,Panquehue,7269.0,91,1.25,1.98,0.6833333333333333,4.0,0.0,1.0,1889.0833333333333,0.08,122.0,1.38,2598.82,59.58
5,Valparaíso,San Felipe de Aconcagua,5705,Putaendo,17336.0,349,2.01,2.58,0.4588744588744589,4.0,0.0,8.0,2998.75,0.07,1474.0,4.61,1729.78,11.76
5,Valparaíso,San Felipe de Aconcagua,5706,Santa María,15134.0,392,2.59,2.86,0.4952830188679245,4.0,0.0,4.0,1722.8333333333333,0.32,166.0,2.64,1138.39,91.17
5,Valparaíso,Marga Marga,5801,Quilpué,162559.0,7623,4.69,5.34,0.139275766016713,2.3125348189415043,0.8443381699097059,10.0,10546.916666666666,1.47,537.0,0.62,648.81,302.72
5,Valparaíso,Marga Marga,5802,Limache,56145.0,1978,3.52,5.56,0.2300683371298406,5.539863325740319,0.8417526890486318,3.0,6004.5,0.76,294.0,0.53,1069.46,190.97
5,Valparaíso,Marga Marga,5803,Olmué,19778.0,636,3.22,3.44,0.4128113879003559,4.0,0.0,6.0,923.5833333333334,1.25,232.0,3.03,466.98,85.25
5,Valparaíso,Marga Marga,5804,Villa Alemana,139571.0,4719,3.38,3.47,0.0446127946127945,2.1321548821548824,0.6197178701939946,7.0,10945.833333333334,1.0,97.0,0.5,784.25,1438.88
6,Libertador General Bernardo O'Higgins,Cachapoal,6101,Rancagua,257744.0,20640,8.01,10.07,0.0356075020385975,2.01821147050829,0.693968859769634,14.0,19805.666666666668,3.35,260.0,0.54,768.42,991.32
6,Libertador General Bernardo O'Higgins,Cachapoal,6102,Codegua,13955.0,371,2.66,3.52,0.5,4.0,0.0,3.0,1788.5833333333333,2.29,287.0,2.15,1281.68,48.62
6,Libertador General Bernardo O'Higgins,Cachapoal,6103,Coinco,7916.0,107,1.35,1.85,0.6534090909090908,2.960227272727273,1.4276522186576173,2.0,470.75,0.14,98.0,2.53,594.68,80.78
6,Libertador General Bernardo O'Higgins,Cachapoal,6104,Coltauco,21373.0,591,2.77,5.41,0.4395973154362416,4.0,0.0,6.0,2761.6666666666665,2.0,225.0,2.81,1292.13,94.99
6,Libertador General Bernardo O'Higgins,Cachapoal,6105,Doñihue,21925.0,728,3.32,3.61,0.3999999999999999,4.0,0.0,3.0,2913.9166666666665,0.61,78.0,1.37,1329.04,281.09
6,Libertador General Bernardo O'Higgins,Cachapoal,6106,Graneros,35938.0,2068,5.75,12.72,0.1991434689507494,6.0,0.0,1.0,1404.1666666666667,5.15,113.0,0.28,390.72,318.04
6,Libertador General Bernardo O'Higgins,Cachapoal,6107,Las Cabras,27554.0,1653,6.0,10.9,0.5806451612903225,4.0,0.0,10.0,3445.25,2.08,749.0,3.63,1250.36,36.79
6,Libertador General Bernardo O'Higgins,Cachapoal,6108,Machalí,60875.0,3093,5.08,7.92,0.0782710280373832,3.700934579439252,0.4578485500529304,4.0,3699.3333333333335,0.62,2586.0,0.66,607.69,23.54
6,Libertador General Bernardo O'Higgins,Cachapoal,6109,Malloa,13882.0,266,1.92,3.94,0.5846153846153845,4.0,0.0,4.0,1699.5833333333333,1.02,113.0,2.88,1224.31,122.85
6,Libertador General Bernardo O'Higgins,Cachapoal,6110,Mostazal,27394.0,625,2.28,2.94,0.3277777777777777,4.0,0.0,3.0,3977.1666666666665,0.22,524.0,1.1,1451.84,52.28
6,Libertador General Bernardo O'Higgins,Cachapoal,6111,Olivar,13901.0,333,2.4,4.32,0.4517543859649122,4.0,0.0,5.0,1291.0,1.72,45.0,3.6,928.71,308.91
6,Libertador General Bernardo O'Higgins,Cachapoal,6112,Peumo,14243.0,154,1.08,2.35,0.4086378737541527,2.7740863787375414,1.4747463025858178,3.0,1426.8333333333333,0.25,153.0,2.11,1001.78,93.09
6,Libertador General Bernardo O'Higgins,Cachapoal,6113,Pichidegua,20363.0,414,2.03,5.05,0.5294117647058822,4.0,0.0,7.0,2463.583333333333,1.2,320.0,3.44,1209.83,63.63
6,Libertador General Bernardo O'Higgins,Cachapoal,6114,Quinta de Tilcoco,13558.0,506,3.73,8.03,0.608910891089109,4.0,0.0,3.0,1573.1666666666667,3.37,93.0,2.21,1160.32,145.78
6,Libertador General Bernardo O'Higgins,Cachapoal,6115,Rengo,63620.0,3217,5.06,8.3,0.2116279069767441,4.467441860465116,2.6223742952321305,10.0,4184.333333333333,2.35,592.0,1.57,657.71,107.47
6,Libertador General Bernardo O'Higgins,Cachapoal,6116,Requínoa,29508.0,1003,3.4,5.88,0.4759493670886077,4.0,0.0,6.0,3423.0,1.95,673.0,2.03,1160.02,43.85
6,Libertador General Bernardo O'Higgins,Cachapoal,6117,San Vicente,49559.0,1755,3.54,5.56,0.5227686703096539,6.0,0.0,7.0,3388.6666666666665,0.94,476.0,1.41,683.76,104.12
6,Libertador General Bernardo O'Higgins,Cardenal Caro,6201,Pichilemu,19847.0,1033,5.2,10.08,0.2624434389140271,4.524886877828054,0.8799247247009404,4.0,1496.5833333333333,2.8,749.0,2.02,754.06,26.5
6,Libertador General Bernardo O'Higgins,Cardenal Caro,6202,La Estrella,4609.0,186,4.04,3.53,0.681159420289855,4.0,0.0,2.0,479.75,1.02,435.0,4.34,1040.9,10.6
6,Libertador General Bernardo O'Higgins,Cardenal Caro,6203,Litueche,8852.0,324,3.66,7.51,0.7414965986394557,1.7755102040816326,1.3134361558942111,3.0,753.25,3.34,619.0,3.39,850.94,14.3
6,Libertador General Bernardo O'Higgins,Cardenal Caro,6204,Marchihue,8715.0,154,1.77,4.45,0.7305389221556886,4.0,0.0,3.0,629.1666666666666,0.99,660.0,3.44,721.94,13.2
6,Libertador General Bernardo O'Higgins,Cardenal Caro,6205,Navidad,8885.0,319,3.59,3.77,1.0,4.0,0.0,5.0,851.6666666666666,0.21,300.0,5.63,958.54,29.62
6,Libertador General Bernardo O'Higgins,Cardenal Caro,6206,Paredones,7228.0,92,1.27,1.58,0.6601941747572815,4.0,0.0,5.0,581.8333333333334,0.1,562.0,6.92,804.97,12.86
6,Libertador General Bernardo O'Higgins,Colchagua,6301,San Fernando,75585.0,3706,4.9,6.49,0.1062753036437247,5.539473684210527,2.3819200328369017,10.0,5664.333333333333,2.27,2441.0,1.32,749.4,30.96
6,Libertador General Bernardo O'Higgins,Colchagua,6302,Chépica,15668.0,311,1.98,3.75,0.5533980582524272,4.0,0.0,5.0,1150.6666666666667,1.8,503.0,3.19,734.41,31.15
6,Libertador General Bernardo O'Higgins,Colchagua,6303,Chimbarongo,37258.0,790,2.12,3.78,0.4592901878914406,4.0,0.0,6.0,2631.4166666666665,0.56,498.0,1.61,706.27,74.82
6,Libertador General Bernardo O'Higgins,Colchagua,6304,Lolol,7791.0,122,1.57,5.67,0.6701030927835052,1.9896907216494848,1.4105262990917171,4.0,998.5,1.03,597.0,5.13,1281.61,13.05
6,Libertador General Bernardo O'Higgins,Colchagua,6305,Nancagua,18723.0,1178,6.29,10.48,0.5168195718654434,4.0,0.0,5.0,1840.9166666666667,4.06,111.0,2.67,983.24,168.68
6,Libertador General Bernardo O'Higgins,Colchagua,6306,Palmilla,13060.0,183,1.4,2.07,0.7531645569620253,4.0,0.0,4.0,1157.0833333333333,0.55,237.0,3.06,885.97,55.11
6,Libertador General Bernardo O'Higgins,Colchagua,6307,Peralillo,12493.0,494,3.95,4.34,0.5604395604395604,4.0,0.0,5.0,1732.4166666666667,0.59,283.0,4.0,1386.71,44.14
6,Libertador General Bernardo O'Higgins,Colchagua,6308,Placilla,9438.0,380,4.03,8.4,0.730263157894737,3.460526315789474,0.8876460513433122,3.0,1009.1666666666666,5.34,147.0,3.18,1069.26,64.2
6,Libertador General Bernardo O'Higgins,Colchagua,6309,Pumanque,4559.0,91,2.0,4.7,1.0,4.0,0.0,3.0,413.25,3.29,441.0,6.58,906.45,10.34
6,Libertador General Bernardo O'Higgins,Colchagua,6310,Santa Cruz,41209.0,2385,5.79,8.14,0.3776371308016877,4.236286919831223,2.282540531146556,7.0,5238.0,4.69,420.0,1.7,1271.08,98.12
7,Maule,Talca,7101,Talca,232131.0,15844,6.83,8.9,0.0529154027637344,1.9888776541961577,0.7668197036459883,17.0,26444.58333333333,1.94,232.0,0.73,1139.21,1000.56
7,Maule,Talca,7102,Constitución,47004.0,1315,2.8,3.79,0.2058287795992714,4.699453551912568,2.580369297663311,10.0,6158.666666666667,0.9,1344.0,2.13,1310.24,34.97
7,Maule,Talca,7103,Curepto,9519.0,58,0.61,0.93,0.6267605633802817,2.119718309859155,1.4509947746782628,9.0,972.8333333333334,0.39,1074.0,9.45,1021.99,8.86
7,Maule,Talca,7104,Empedrado,3990.0,0,0.0,1.65,0.5528455284552845,2.341463414634146,1.4915985220898202,3.0,584.25,0.17,565.0,7.52,1464.29,7.06
7,Maule,Talca,7105,Maule,61081.0,2683,4.39,4.95,0.2191780821917808,2.4863013698630136,1.0837296165460024,7.0,3813.1666666666665,1.71,238.0,1.15,624.28,256.64
7,Maule,Talca,7106,Pelarco,9229.0,145,1.57,2.38,0.7440476190476191,3.232142857142857,1.3091855623763553,5.0,1306.1666666666667,0.42,332.0,5.42,1415.29,27.8
7,Maule,Talca,7107,Pencahue,9181.0,210,2.29,3.04,0.588235294117647,5.176470588235294,0.9843059135695006,8.0,862.4166666666666,1.03,957.0,8.71,939.35,9.59
7,Maule,Talca,7108,Río Claro,14276.0,194,1.36,2.02,0.6059113300492611,4.0,0.0,7.0,1430.5833333333333,0.18,431.0,4.9,1002.09,33.12
7,Maule,Talca,7109,San Clemente,47380.0,912,1.92,2.34,0.5176252319109462,4.0,0.0,21.0,4433.916666666667,0.67,4504.0,4.43,935.82,10.52
7,Maule,Talca,7110,San Rafael,11230.0,174,1.55,1.64,0.5941176470588236,4.0,0.0,3.0,1134.8333333333333,0.77,264.0,2.67,1010.54,42.54
7,Maule,Cauquenes,7201,Cauquenes,42798.0,592,1.38,1.78,0.1890359168241966,3.9262759924385633,2.700600214635871,16.0,4134.583333333333,0.34,2126.0,3.74,966.07,20.13
7,Maule,Cauquenes,7202,Chanco,9446.0,176,1.86,2.71,0.5684210526315789,2.294736842105263,1.4858893081286642,8.0,986.75,1.12,530.0,8.47,1044.62,17.82
7,Maule,Cauquenes,7203,Pelluhue,8578.0,217,2.53,3.33,0.5616438356164384,4.0,0.0,4.0,1242.5833333333333,0.52,371.0,4.66,1448.57,23.12
7,Maule,Curicó,7301,Curicó,159968.0,10601,6.63,9.29,0.119047619047619,2.140088593576966,1.3908332998237734,19.0,14756.0,3.51,1328.0,1.19,922.43,120.46
7,Maule,Curicó,7302,Hualañé,10775.0,234,2.17,2.53,0.6153846153846154,4.0,0.0,5.0,1649.1666666666667,0.8,629.0,4.64,1530.55,17.13
7,Maule,Curicó,7303,Licantén,6892.0,152,2.21,3.09,0.6208791208791209,4.0,0.0,6.0,951.6666666666666,1.01,273.0,8.71,1380.83,25.25
7,Maule,Curicó,7304,Molina,48949.0,1632,3.33,5.75,0.2440677966101694,4.783050847457627,2.4880155145827296,9.0,5952.416666666667,1.12,1552.0,1.84,1216.04,31.54
7,Maule,Curicó,7305,Rauco,11266.0,205,1.82,2.49,0.6035502958579881,4.0,0.0,5.0,1080.3333333333333,0.87,309.0,4.44,958.93,36.46
7,Maule,Curicó,7306,Romeral,17233.0,535,3.1,4.36,0.6280193236714975,3.256038647342995,0.9666665459540686,5.0,1989.3333333333333,1.4,1597.0,2.9,1154.37,10.79
7,Maule,Curicó,7307,Sagrada Familia,19427.0,336,1.73,2.82,0.6398104265402844,4.0,0.0,6.0,1868.4166666666667,1.21,549.0,3.09,961.76,35.39
7,Maule,Curicó,7308,Teno,30113.0,617,2.05,3.42,0.6655172413793105,4.0,0.0,8.0,3252.583333333333,0.73,618.0,2.66,1080.13,48.73
7,Maule,Curicó,7309,Vichuquén,4716.0,141,2.99,3.49,0.7205882352941178,3.161764705882353,1.3461305560934431,6.0,393.75,1.93,426.0,12.72,834.92,11.07
7,Maule,Linares,7401,Linares,96744.0,2354,2.43,3.36,0.18001800180018,4.645364536453646,2.6388146200304314,19.0,8063.583333333333,0.72,1466.0,1.96,833.5,65.99
7,Maule,Linares,7402,Colbún,22637.0,253,1.12,1.21,0.5333333333333334,2.4,1.4966629547095769,8.0,3029.083333333333,0.53,2900.0,3.53,1338.11,7.81
7,Maule,Linares,7403,Longaví,33299.0,447,1.34,2.84,0.6840796019900497,4.0,0.0,12.0,2462.083333333333,0.62,1454.0,3.6,739.39,22.9
7,Maule,Linares,7404,Parral,45323.0,840,1.85,2.41,0.2250396196513471,4.071315372424722,2.6399919584714264,16.0,4336.416666666667,0.63,1638.0,3.53,956.78,27.67
7,Maule,Linares,7405,Retiro,22310.0,182,0.82,1.85,0.6633663366336633,4.0,0.0,11.0,2032.3333333333333,0.39,827.0,4.93,910.95,26.98
7,Maule,Linares,7406,San Javier,49559.0,918,1.85,2.38,0.336734693877551,3.981632653061225,2.443164013255858,13.0,5199.75,0.73,1313.0,2.62,1049.2,37.74
7,Maule,Linares,7407,Villa Alegre,17919.0,194,1.08,1.24,0.3883928571428572,2.8348214285714284,1.4621540995973672,7.0,1894.6666666666667,0.39,190.0,3.91,1057.35,94.31
7,Maule,Linares,7408,Yerbas Buenas,20035.0,149,0.74,1.29,0.651063829787234,4.0,0.0,6.0,2180.25,0.29,262.0,2.99,1088.22,76.47
8,Biobío,Concepción,8101,Concepción,230375.0,15088,6.55,9.15,0.0468461822205827,2.2268535595721137,0.73723867469668,15.0,22271.83333333333,4.1,222.0,0.65,966.76,1037.73
8,Biobío,Concepción,8102,Coronel,123648.0,2704,2.19,2.77,0.0899508081517919,3.7111735769501055,2.8472832707656743,12.0,8793.166666666666,1.44,279.0,0.97,711.15,443.18
8,Biobío,Concepción,8103,Chiguayante,85822.0,2155,2.51,2.73,0.0139484978540771,1.9506437768240343,0.5439183992442059,6.0,8105.0,1.47,72.0,0.7,944.4,1191.97
8,Biobío,Concepción,8104,Florida,12958.0,190,1.47,1.06,0.5505050505050506,2.3484848484848486,1.492328100271968,6.0,1522.3333333333333,0.54,609.0,4.63,1174.82,21.28
8,Biobío,Concepción,8105,Hualqui,25795.0,264,1.02,1.69,0.3555555555555556,2.933333333333333,1.4360439485692011,5.0,2258.6666666666665,0.65,531.0,1.94,875.62,48.58
8,Biobío,Concepción,8106,Lota,39980.0,496,1.24,0.96,0.0446601941747573,3.866019417475728,0.619670034033656,4.0,6561.416666666667,0.6,136.0,1.0,1641.17,293.97
8,Biobío,Concepción,8107,Penco,48971.0,1039,2.12,2.48,0.1162790697674418,4.514950166112957,2.793670304148416,6.0,4763.083333333333,0.93,108.0,1.23,972.63,453.44
8,Biobío,Concepción,8108,San Pedro de La paz,150992.0,6771,4.48,5.45,0.0129870129870128,2.107438016528925,0.7730886400987061,8.0,9613.833333333334,2.27,113.0,0.53,636.71,1336.21
8,Biobío,Concepción,8109,Santa Juana,14947.0,182,1.22,1.3,0.5811320754716982,4.0,0.0,7.0,1536.3333333333333,0.01,731.0,4.68,1027.85,20.45
8,Biobío,Concepción,8110,Talcahuano,147322.0,4512,3.06,3.32,0.0247469066366703,1.7750281214848145,0.6995142331030828,13.0,9407.416666666666,1.57,92.0,0.88,638.56,1601.33
8,Biobío,Concepción,8111,Tomé,56907.0,838,1.47,1.78,0.170998632010944,4.424076607387141,2.8222625446638188,12.0,5853.333333333333,0.41,495.0,2.11,1028.58,114.96
8,Biobío,Concepción,8112,Hualpén,87731.0,2726,3.11,3.98,0.0605759682224429,1.799404170804369,0.6900337790203886,11.0,5198.0,1.41,54.0,1.25,592.49,1624.65
8,Biobío,Arauco,8201,Lebu,25246.0,426,1.69,2.26,0.3371559633027523,2.988532110091743,1.418215913536902,6.0,3095.25,0.59,561.0,2.38,1226.04,45.0
8,Biobío,Arauco,8202,Arauco,37163.0,382,1.03,1.16,0.3316953316953317,3.69041769041769,2.4328791191375907,13.0,4847.583333333333,0.02,956.0,3.5,1304.41,38.87
8,Biobío,Arauco,8203,Cañete,34640.0,259,0.75,0.76,0.4660421545667448,5.067915690866511,0.9976910638740456,9.0,3029.5,0.02,760.0,2.6,874.57,45.58
8,Biobío,Arauco,8204,Contulmo,5905.0,0,0.0,0.62,0.7066666666666668,4.0,0.0,5.0,1323.75,0.33,962.0,8.47,2241.74,6.14
8,Biobío,Arauco,8205,Curanilahue,31119.0,281,0.9,0.92,0.3273542600896861,4.36322869955157,2.346238737270891,5.0,3945.1666666666665,0.13,994.0,1.61,1267.77,31.31
8,Biobío,Arauco,8206,Los Álamos,21950.0,109,0.5,0.38,0.3393393393393393,2.981981981981982,1.420455338630793,6.0,2450.0,0.06,599.0,2.73,1116.17,36.64
8,Biobío,Arauco,8207,Tirúa,10208.0,0,0.0,0.27,0.7386934673366834,4.0,0.0,7.0,1394.5,0.1,624.0,6.86,1366.09,16.36
8,Biobío,Biobío,8301,Los Ángeles,219441.0,6583,3.0,3.72,0.271604938271605,2.9176954732510287,1.9734387583043624,34.0,18660.83333333333,1.61,1748.0,1.55,850.38,125.54
8,Biobío,Biobío,8302,Antuco,4373.0,0,0.0,0.91,0.695945945945946,1.0,0.0,3.0,602.9166666666666,0.07,1884.0,6.86,1378.73,2.32
8,Biobío,Biobío,8303,Cabrero,31256.0,561,1.79,2.03,0.2923497267759563,4.0,0.0,8.0,3952.5833333333335,0.9,640.0,2.56,1264.58,48.84
8,Biobío,Biobío,8304,Laja,23706.0,272,1.15,1.05,0.4068965517241378,4.0,0.0,5.0,3211.0,0.06,340.0,2.11,1354.51,69.72
8,Biobío,Biobío,8305,Mulchén,29036.0,109,0.38,0.46,0.3150684931506848,3.054794520547945,1.393629448587384,9.0,3571.75,0.1,1925.0,3.1,1230.11,15.08
8,Biobío,Biobío,8306,Nacimiento,26140.0,251,0.96,0.86,0.2857142857142858,3.142857142857143,1.355261854357877,9.0,2382.0,0.03,935.0,3.44,911.25,27.96
8,Biobío,Biobío,8307,Negrete,10723.0,78,0.73,0.55,0.5939086294416243,2.218274111675127,1.4733059844606486,4.0,1019.3333333333334,0.32,157.0,3.73,950.6,68.3
8,Biobío,Biobío,8308,Quilaco,4440.0,0,0.0,0.43,0.6499999999999999,1.0,0.0,5.0,638.75,0.1,1124.0,11.26,1438.63,3.95
8,Biobío,Biobío,8309,Quilleco,9700.0,0,0.0,0.26,0.5947136563876652,2.2158590308370045,1.4728421197274044,7.0,1374.0,0.02,1122.0,7.22,1416.49,8.65
8,Biobío,Biobío,8310,San Rosendo,3575.0,0,0.0,0.54,0.5222222222222221,1.0,0.0,3.0,715.4166666666666,0.01,92.0,8.39,2001.17,38.86
8,Biobío,Biobío,8311,Santa Bárbara,14075.0,97,0.69,0.7,0.6018518518518519,2.1944444444444446,1.4685488764318115,7.0,2249.5,0.07,1255.0,4.97,1598.22,11.22
8,Biobío,Biobío,8312,Tucapel,15729.0,120,0.76,0.61,0.4081632653061224,2.7755102040816326,1.4744809688317095,5.0,2585.75,0.01,915.0,3.18,1643.94,17.19
8,Biobío,Biobío,8313,Yumbel,23170.0,214,0.92,0.88,0.4578313253012047,4.0,0.0,8.0,3683.5833333333335,0.11,727.0,3.45,1589.81,31.87
8,Biobío,Biobío,8314,Alto Biobío,6016.0,0,0.0,0.64,1.0,4.0,0.0,10.0,601.4166666666666,0.14,2125.0,16.62,999.7,2.83
9,La Araucanía,Cautín,9101,Temuco,292518.0,10660,3.64,4.21,0.0712825007303534,2.081215308209173,1.0443596883859676,20.0,30823.0,1.42,464.0,0.68,1053.71,630.43
9,La Araucanía,Cautín,9102,Carahue,24957.0,136,0.54,0.3,0.4104234527687296,2.768729641693811,1.4757318115684557,18.0,2817.083333333333,0.16,1341.0,7.21,1128.77,18.61
9,La Araucanía,Cautín,9103,Cunco,19177.0,279,1.45,0.84,0.5714285714285714,4.0,0.0,10.0,2532.083333333333,0.41,1907.0,5.21,1320.38,10.06
9,La Araucanía,Cautín,9104,Curarrehue,7733.0,218,2.82,1.26,0.751131221719457,4.0,0.0,7.0,746.4166666666666,0.1,1171.0,9.05,965.24,6.6
9,La Araucanía,Cautín,9105,Freire,26164.0,229,0.88,0.54,0.7023809523809523,4.0,0.0,13.0,2060.75,0.23,935.0,4.97,787.63,27.98
9,La Araucanía,Cautín,9106,Galvarino,12710.0,0,0.0,0.19,0.6878980891719746,1.9363057324840764,1.3900535143546404,11.0,1611.0833333333333,0.1,568.0,8.65,1267.57,22.38
9,La Araucanía,Cautín,9107,Gorbea,14148.0,170,1.2,1.02,0.4266055045871559,4.0,0.0,7.0,2010.9166666666667,0.6,695.0,4.95,1421.34,20.36
9,La Araucanía,Cautín,9108,Lautaro,41936.0,564,1.34,1.39,0.3333333333333332,3.9204545454545454,2.448197810770436,16.0,6076.083333333333,0.85,901.0,3.82,1448.89,46.54
9,La Araucanía,Cautín,9109,Loncoche,25158.0,232,0.92,0.74,0.2973856209150327,4.0,0.0,6.0,2684.333333333333,0.41,977.0,2.38,1066.99,25.75
9,La Araucanía,Cautín,9110,Melipeuco,6796.0,170,2.5,1.47,0.6423841059602649,2.072847682119205,1.43789460577925,5.0,886.1666666666666,0.61,1107.0,7.36,1303.95,6.14
9,La Araucanía,Cautín,9111,Nueva Imperial,33988.0,211,0.62,0.64,0.4363636363636363,4.0,0.0,12.0,5119.0,0.62,733.0,3.53,1506.12,46.37
9,La Araucanía,Cautín,9112,Padre Las Casas,80656.0,1200,1.49,1.61,0.4632713026444661,4.593535749265426,2.116193183654019,13.0,10554.0,0.78,401.0,1.61,1308.52,201.14
9,La Araucanía,Cautín,9113,Perquenco,7438.0,0,0.0,0.41,0.6848484848484848,4.0,0.0,4.0,1080.5,0.02,331.0,5.38,1452.68,22.47
9,La Araucanía,Cautín,9114,Pitrufquén,27041.0,414,1.53,1.23,0.3895027624309393,4.0,0.0,10.0,2988.25,1.01,581.0,3.7,1105.08,46.54
9,La Araucanía,Cautín,9115,Pucón,32321.0,1495,4.63,4.38,0.3494505494505495,4.395604395604396,2.208271766596112,8.0,4108.75,1.1,1249.0,2.48,1271.23,25.88
9,La Araucanía,Cautín,9116,Saavedra,12877.0,53,0.41,0.42,0.7486910994764397,4.0,0.0,15.0,2011.1666666666667,0.21,401.0,11.65,1561.83,32.11
9,La Araucanía,Cautín,9117,Teodoro Schmidt,15639.0,133,0.85,0.68,0.6563876651982379,2.0308370044052864,1.4247407074849074,9.0,1849.4166666666667,0.5,650.0,5.75,1182.57,24.06
9,La Araucanía,Cautín,9118,Toltén,10041.0,82,0.82,0.49,0.5693069306930694,2.292079207920792,1.485519755580906,7.0,1464.5,0.31,860.0,6.97,1458.52,11.68
9,La Araucanía,Cautín,9119,Vilcún,31575.0,386,1.22,1.01,0.4707602339181287,5.058479532163743,0.9982886077271992,8.0,2872.75,0.84,1421.0,2.53,909.82,22.22
9,La Araucanía,Cautín,9120,Villarrica,67737.0,2126,3.14,2.71,0.4164619164619165,3.815724815724816,2.9943350942171363,11.0,7850.583333333333,1.39,1291.0,1.62,1158.98,52.47
9,La Araucanía,Cautín,9121,Cholchol,13167.0,94,0.71,0.73,0.6808510638297873,4.0,0.0,5.0,1052.25,1.21,428.0,3.8,799.16,30.76
9,La Araucanía,Malleco,9201,Angol,53022.0,737,1.39,1.9,0.1555555555555554,4.203921568627451,2.74925735314985,9.0,5654.083333333333,0.63,1194.0,1.7,1066.37,44.41
9,La Araucanía,Malleco,9202,Collipulli,24303.0,197,0.81,0.93,0.3809523809523809,2.857142857142857,1.456862718169367,9.0,4523.833333333333,0.15,1296.0,3.7,1861.43,18.75
9,La Araucanía,Malleco,9203,Curacautín,18536.0,337,1.82,0.93,0.3157894736842106,4.0,0.0,9.0,2197.4166666666665,0.32,1664.0,4.86,1185.49,11.14
9,La Araucanía,Malleco,9204,Ercilla,7730.0,0,0.0,0.33,0.6587301587301588,2.023809523809524,1.4224073363089378,6.0,1787.4166666666667,0.2,500.0,7.76,2312.31,15.46
9,La Araucanía,Malleco,9205,Lonquimay,10247.0,103,1.01,0.43,0.751937984496124,1.744186046511628,1.295664025784569,12.0,2339.4166666666665,0.06,3914.0,11.71,2283.03,2.62
9,La Araucanía,Malleco,9206,Los Sauces,7348.0,0,0.0,0.34,0.6218905472636815,2.1343283582089554,1.4547454245983529,5.0,1536.25,0.08,850.0,6.8,2090.7,8.64
9,La Araucanía,Malleco,9207,Lumaco,9253.0,0,0.0,0.16,0.5405405405405406,2.3783783783783785,1.4950612633447924,7.0,2176.4166666666665,0.06,1119.0,7.57,2352.12,8.27
9,La Araucanía,Malleco,9208,Purén,12184.0,0,0.0,0.5,0.529126213592233,2.412621359223301,1.4974528283508688,7.0,2263.4166666666665,0.1,465.0,5.75,1857.7,26.2
9,La Araucanía,Malleco,9209,Renaico,10686.0,69,0.65,1.21,0.3768844221105527,2.869346733668342,1.453816697637129,3.0,1863.4166666666667,0.45,267.0,2.81,1743.79,40.02
9,La Araucanía,Malleco,9210,Traiguén,18873.0,155,0.82,0.84,0.3665480427046264,2.900355871886121,1.4455847176303105,7.0,2974.583333333333,0.33,908.0,3.71,1576.11,20.79
9,La Araucanía,Malleco,9211,Victoria,34464.0,401,1.16,1.08,0.3107476635514019,5.378504672897196,0.9255993801829095,10.0,5183.75,0.52,1256.0,2.9,1504.11,27.44
10,Los Lagos,Llanquihue,10101,Puerto Montt,277040.0,18588,6.71,7.85,0.1161924119241193,2.1670054200542004,1.4462673112090925,29.0,14342.5,3.32,1673.0,1.05,517.71,165.59
10,Los Lagos,Llanquihue,10102,Calbuco,36474.0,956,2.62,2.98,0.5464135021097047,4.0,0.0,21.0,2965.25,1.09,591.0,5.76,812.98,61.72
10,Los Lagos,Llanquihue,10103,Cochamó,4199.0,111,2.64,2.03,,,,10.0,306.25,0.71,3911.0,23.82,729.34,1.07
10,Los Lagos,Llanquihue,10104,Fresia,12320.0,167,1.36,2.03,0.688622754491018,4.0,0.0,9.0,1572.5833333333333,0.08,1278.0,7.31,1276.45,9.64
10,Los Lagos,Llanquihue,10105,Frutillar,22554.0,531,2.35,2.63,0.4385382059800664,4.877076411960133,0.9924161382723504,6.0,2699.4166666666665,0.53,831.0,2.66,1196.87,27.14
10,Los Lagos,Llanquihue,10106,Los Muermos,17162.0,365,2.13,3.23,0.6132596685082874,4.0,0.0,7.0,1926.0833333333333,1.36,1246.0,4.08,1122.3,13.77
10,Los Lagos,Llanquihue,10107,Llanquihue,18088.0,446,2.47,2.74,0.3993808049535603,4.798761609907121,0.9795422963572458,6.0,2494.0,0.28,421.0,3.32,1378.81,42.96
10,Los Lagos,Llanquihue,10108,Maullín,15063.0,209,1.39,1.49,0.4712643678160919,4.0,0.0,8.0,1243.5,0.29,861.0,5.31,825.53,17.49
10,Los Lagos,Llanquihue,10109,Puerto Varas,52942.0,2872,5.42,6.03,0.1934235976789169,4.112185686653771,1.0177279946674116,8.0,3461.583333333333,1.74,4065.0,1.51,653.84,13.02
10,Los Lagos,Chiloé,10201,Castro,46997.0,2573,5.47,5.72,0.2216216216216215,6.0,0.0,13.0,5235.166666666667,2.57,473.0,2.77,1113.94,99.36
10,Los Lagos,Chiloé,10202,Ancud,40949.0,1033,2.52,2.67,0.2885906040268455,2.790268456375839,2.0873474533528005,14.0,3739.4166666666665,0.21,1752.0,3.42,913.19,23.37
10,Los Lagos,Chiloé,10203,Chonchi,16078.0,260,1.62,1.29,0.6262135922330097,4.0,0.0,12.0,1554.8333333333333,0.12,1362.0,7.46,967.06,11.8
10,Los Lagos,Chiloé,10204,Curaco de Vélez,3662.0,0,0.0,0.72,0.8,3.6,0.8,4.0,654.5833333333334,0.01,80.0,10.92,1787.5,45.78
10,Los Lagos,Chiloé,10205,Dalcahue,14894.0,307,2.06,2.14,0.5838150289017341,4.0,0.0,8.0,1946.1666666666667,0.83,1239.0,5.37,1306.68,12.02
10,Los Lagos,Chiloé,10206,Puqueldón,4048.0,0,0.0,0.39,1.0,4.0,0.0,6.0,593.0,0.0,97.0,14.82,1464.92,41.73
10,Los Lagos,Chiloé,10207,Queilén,5690.0,76,1.34,1.03,0.7133333333333334,4.0,0.0,9.0,837.0833333333334,0.3,333.0,15.82,1471.15,17.09
10,Los Lagos,Chiloé,10208,Quellón,28460.0,1234,4.34,5.14,0.2962962962962963,5.407407407407407,0.9132465189583668,19.0,3372.583333333333,2.03,3244.0,6.68,1185.03,8.77
10,Los Lagos,Chiloé,10209,Quemchi,8409.0,130,1.55,0.71,0.6736111111111112,4.0,0.0,11.0,1091.3333333333333,0.0,440.0,13.08,1297.82,19.11
10,Los Lagos,Chiloé,10210,Quinchao,7678.0,72,0.94,0.47,0.6928571428571428,3.3857142857142857,0.9226182795695728,11.0,1615.5,0.04,161.0,14.33,2104.06,47.69
10,Los Lagos,Osorno,10301,Osorno,166455.0,3779,2.27,2.89,0.0662100456621004,1.8339041095890407,1.09029186739232,14.0,11472.0,0.68,951.0,0.84,689.2,175.03
10,Los Lagos,Osorno,10302,Puerto Octay,8865.0,165,1.86,1.91,0.8043478260869565,4.0,0.0,8.0,1389.1666666666667,0.43,1796.0,9.02,1567.02,4.94
10,Los Lagos,Osorno,10303,Purranque,19542.0,229,1.17,1.03,0.5289855072463767,4.0,0.0,12.0,2378.75,0.61,1459.0,6.14,1217.25,13.39
10,Los Lagos,Osorno,10304,Puyehue,11712.0,191,1.63,1.44,0.5157894736842106,4.0,0.0,6.0,1522.6666666666667,0.29,1598.0,5.12,1300.09,7.33
10,Los Lagos,Osorno,10305,Río Negro,13874.0,107,0.77,1.0,0.599078341013825,4.0,0.0,6.0,1188.25,0.18,1266.0,4.32,856.46,10.96
10,Los Lagos,Osorno,10306,San Juan de la Costa,7776.0,0,0.0,0.55,0.7349397590361446,1.7951807228915662,1.324095837398617,10.0,2007.75,0.17,1517.0,12.86,2581.98,5.13
10,Los Lagos,Osorno,10307,San Pablo,10883.0,96,0.88,0.77,0.6854460093896713,4.0,0.0,7.0,2359.75,0.08,637.0,6.43,2168.29,17.08
10,Los Lagos,Palena,10401,Chaitén,4025.0,110,2.73,5.08,,,,11.0,917.8333333333334,1.78,8471.0,27.33,2280.33,0.48
10,Los Lagos,Palena,10402,Futaleufú,3062.0,324,10.58,11.57,,,,3.0,778.3333333333334,0.71,1280.0,9.8,2541.91,2.39
10,Los Lagos,Palena,10403,Hualaihué,9480.0,155,1.64,1.81,,,,6.0,1040.5,0.7,2788.0,6.33,1097.57,3.4
10,Los Lagos,Palena,10404,Palena,1903.0,88,4.62,6.23,,,,3.0,370.25,0.05,2764.0,15.76,1945.61,0.69
11,Aysén del General Carlos Ibáñez del Campo,Coyhaique,11101,Coyhaique,57823.0,2505,4.33,5.27,0.1736320551486427,6.0,0.0,11.0,3927.3333333333335,0.24,7290.2,1.9,679.2,7.93
11,Aysén del General Carlos Ibáñez del Campo,Coyhaique,11102,Lago Verde,779.0,0,0.0,6.15,1.0,4.0,0.0,3.0,129.58333333333334,0.0,5422.3,38.51,1663.46,0.14
11,Aysén del General Carlos Ibáñez del Campo,Aysén,11201,Aysén,23170.0,727,3.14,4.26,0.1563245823389021,4.0,0.0,7.0,2515.25,0.59,29796.4,3.02,1085.56,0.78
11,Aysén del General Carlos Ibáñez del Campo,Aysén,11202,Cisnes,5137.0,129,2.51,2.72,0.3265306122448979,2.653061224489796,0.9378877790266168,6.0,1381.9166666666667,0.68,16093.0,11.68,2690.12,0.32
11,Aysén del General Carlos Ibáñez del Campo,Aysén,11203,Guaitecas,1598.0,65,4.07,11.99,,,,1.0,392.5,3.16,620.6,6.26,2456.2,2.57
11,Aysén del General Carlos Ibáñez del Campo,Capitán Prat,11301,Cochrane,3458.0,89,2.57,1.62,0.205128205128205,2.8205128205128207,1.6151811023613971,1.0,790.75,0.58,8599.5,2.89,2286.73,0.4
11,Aysén del General Carlos Ibáñez del Campo,Capitán Prat,11302,O'Higgins,647.0,0,0.0,13.33,,,,1.0,209.0,0.08,8182.5,15.46,3230.29,0.08
11,Aysén del General Carlos Ibáñez del Campo,Capitán Prat,11303,Tortel,505.0,0,0.0,2.94,1.0,7.0,0.0,1.0,110.0,0.0,19710.6,19.8,2178.22,0.03
11,Aysén del General Carlos Ibáñez del Campo,General Carrera,11401,Chile Chico,4905.0,253,5.16,3.55,0.619718309859155,4.0,0.0,4.0,873.3333333333334,0.15,5737.1,8.15,1780.5,0.85
11,Aysén del General Carlos Ibáñez del Campo,General Carrera,11402,Río Ibáñez,2723.0,104,3.82,6.93,1.0,4.0,0.0,5.0,274.9166666666667,0.61,5997.2,18.36,1009.61,0.45
12,Magallanes y de la Antártica Chilena,Magallanes,12101,Punta Arenas,132363.0,7991,6.04,7.94,0.0527383367139959,3.913032454361055,0.6291535678421118,13.0,8355.25,4.56,17846.0,0.98,631.24,7.42
12,Magallanes y de la Antártica Chilena,Magallanes,12102,Laguna Blanca,269.0,0,0.0,23.33,1.0,7.0,0.0,1.0,78.33333333333333,0.0,3696.0,37.17,2912.02,0.07
12,Magallanes y de la Antártica Chilena,Magallanes,12103,Río Verde,102.0,0,0.0,12.5,1.0,3.0,0.0,1.0,55.0,0.91,17248.0,98.04,5392.16,0.01
12,Magallanes y de la Antártica Chilena,Magallanes,12104,San Gregorio,241.0,0,0.0,3.57,1.0,2.0,0.0,1.0,95.75,2.0,6884.0,41.49,3973.03,0.04
12,Magallanes y de la Antártica Chilena,Antártica Chilena,12201,Cabo de Hornos,1750.0,0,0.0,7.77,0.0,3.0,0.0,1.0,232.08333333333331,2.15,21551.0,5.71,1326.19,0.08
12,Magallanes y de la Antártica Chilena,Antártica Chilena,12202,Antártica,60.0,0,0.0,20.0,,,,0.0,,,,0.0,,
12,Magallanes y de la Antártica Chilena,Tierra del Fuego,12301,Porvenir,6809.0,553,8.12,11.01,0.1844262295081966,2.737704918032787,1.5513256028446725,1.0,1170.5833333333333,4.03,9707.0,1.47,1719.17,0.7
12,Magallanes y de la Antártica Chilena,Tierra del Fuego,12302,Primavera,431.0,0,0.0,12.0,1.0,7.0,0.0,0.0,,,6530.0,0.0,,0.07
12,Magallanes y de la Antártica Chilena,Tierra del Fuego,12303,Timaukel,157.0,0,0.0,29.17,1.0,7.0,0.0,1.0,74.5,0.0,10759.0,63.69,4745.22,0.01
12,Magallanes y de la Antártica Chilena,Última Esperanza,12401,Natales,24152.0,2338,9.68,11.37,0.1681957186544342,6.0,0.0,5.0,2302.083333333333,4.35,49924.0,2.07,953.16,0.48
12,Magallanes y de la Antártica Chilena,Última Esperanza,12402,Torres del Paine,203.0,0,0.0,30.77,1.0,3.0,0.0,1.0,46.66666666666666,1.25,6630.0,49.26,2298.85,0.03
13,Metropolitana de Santiago,Santiago,13101,Santiago,438856.0,176956,40.32,49.8,0.0,6.0,0.0,12.0,18592.166666666668,22.83,22.0,0.27,423.65,19948.0
13,Metropolitana de Santiago,Santiago,13102,Cerrillos,85041.0,12732,14.97,14.93,0.0,3.877805486284289,0.327510327369217,4.0,4008.8333333333335,6.42,21.0,0.47,471.4,4049.57
13,Metropolitana de Santiago,Santiago,13103,Cerro Navia,127250.0,12654,9.94,13.3,0.0,1.6522522522522525,0.476255447931167,9.0,13520.666666666666,3.07,11.0,0.71,1062.53,11568.18
13,Metropolitana de Santiago,Santiago,13104,Conchalí,121587.0,17686,14.55,16.08,0.0,1.9160714285714289,0.5429011965207605,9.0,10447.75,4.71,11.0,0.74,859.28,11053.36
13,Metropolitana de Santiago,Santiago,13105,El Bosque,155257.0,11347,7.31,9.22,0.0,5.6,2.537715508089904,11.0,20342.25,3.38,14.0,0.71,1310.23,11089.79
13,Metropolitana de Santiago,Santiago,13106,Estación Central,181049.0,69328,38.29,42.57,0.0,2.158536585365854,0.5474484943654688,6.0,6590.75,11.44,14.0,0.33,364.03,12932.07
13,Metropolitana de Santiago,Santiago,13107,Huechuraba,101808.0,9402,9.24,10.91,0.0634057971014492,1.9873188405797104,0.745653142208636,6.0,7577.833333333333,6.43,45.0,0.59,744.33,2262.4
13,Metropolitana de Santiago,Santiago,13108,Independencia,116943.0,51908,44.39,50.53,0.0,3.601503759398496,0.4895885893563821,8.0,6512.083333333333,18.46,7.0,0.68,556.86,16706.14
13,Metropolitana de Santiago,Santiago,13109,La Cisterna,103157.0,19762,19.16,24.21,0.0,3.685968819599109,0.4641288594096622,4.0,5495.333333333333,9.42,10.0,0.39,532.72,10315.7
13,Metropolitana de Santiago,Santiago,13110,La Florida,374836.0,36685,9.79,11.66,0.0056613484302625,2.2259392691713846,0.5261130938899068,20.0,30911.166666666668,4.55,71.0,0.53,824.66,5279.38
13,Metropolitana de Santiago,Santiago,13111,La Granja,112022.0,9550,8.53,7.77,0.0,1.7165354330708662,0.4506799376772971,9.0,13368.916666666666,1.0,10.0,0.8,1193.42,11202.2
13,Metropolitana de Santiago,Santiago,13112,La Pintana,175421.0,8313,4.74,5.52,0.0,3.714714714714715,2.98640457841862,11.0,19992.83333333333,1.01,31.0,0.63,1139.71,5658.74
13,Metropolitana de Santiago,Santiago,13113,La Reina,89870.0,6593,7.34,11.68,0.0,3.251760563380281,0.434024402662713,3.0,4499.333333333333,1.81,23.0,0.33,500.65,3907.39
13,Metropolitana de Santiago,Santiago,13114,Las Condes,296134.0,31069,10.49,16.22,0.0,7.0,0.0,3.0,7071.833333333333,11.27,99.0,0.1,238.81,2991.25
13,Metropolitana de Santiago,Santiago,13115,Lo Barnechea,112620.0,12198,10.83,18.28,0.0339734121122599,3.809453471196455,0.7496128964416131,5.0,4456.083333333333,13.75,1024.0,0.44,395.67,109.98
13,Metropolitana de Santiago,Santiago,13116,Lo Espejo,87295.0,6818,7.81,10.77,0.0,1.6244444444444444,0.4842660221891616,7.0,10871.25,1.95,7.0,0.8,1245.35,12470.71
13,Metropolitana de Santiago,Santiago,13117,Lo Prado,91290.0,12539,13.74,14.5,0.0,5.589073634204276,2.5445716702574552,7.0,14368.166666666666,5.2,7.0,0.77,1573.9,13041.43
13,Metropolitana de Santiago,Santiago,13118,Macul,123800.0,17497,14.13,18.65,0.0,3.630067567567568,0.4827861098530655,4.0,14749.666666666666,4.87,13.0,0.32,1191.41,9523.08
13,Metropolitana de Santiago,Santiago,13119,Maipú,503635.0,30973,6.15,7.55,0.0380952380952381,3.755809523809524,0.4296062005236245,20.0,26179.666666666668,2.44,133.0,0.4,519.81,3786.73
13,Metropolitana de Santiago,Santiago,13120,Ñuñoa,241467.0,33633,13.93,17.34,0.0,7.0,0.0,5.0,8581.75,3.45,17.0,0.21,355.4,14203.94
13,Metropolitana de Santiago,Santiago,13121,Pedro Aguirre Cerda,96062.0,9522,9.91,11.43,0.0,6.0,0.0,8.0,10551.75,3.18,10.0,0.83,1098.43,9606.2
13,Metropolitana de Santiago,Santiago,13122,Peñalolén,236478.0,20141,8.52,10.05,0.0,2.121110176619008,0.5861881930039278,13.0,35180.25,0.74,54.0,0.55,1487.68,4379.22
13,Metropolitana de Santiago,Santiago,13123,Providencia,143974.0,16116,11.19,17.16,0.0,3.0,0.0,12.0,7626.916666666667,10.31,14.0,0.83,529.74,10283.86
13,Metropolitana de Santiago,Santiago,13124,Pudahuel,227820.0,16505,7.24,8.87,0.0862201693610469,2.272517321016166,0.6861260465676146,16.0,19537.666666666668,2.22,197.0,0.7,857.59,1156.45
13,Metropolitana de Santiago,Santiago,13125,Quilicura,205624.0,27310,13.28,17.32,0.0390104662226451,3.660323501427212,0.6770222834043126,10.0,15654.083333333334,4.75,58.0,0.49,761.3,3545.24
13,Metropolitana de Santiago,Santiago,13126,Quinta Normal,129351.0,35630,27.55,31.07,0.0,3.763537906137184,0.4249091338496134,8.0,13904.5,7.74,12.0,0.62,1074.94,10779.25
13,Metropolitana de Santiago,Santiago,13127,Recoleta,154615.0,34009,22.0,27.65,0.0,1.9814814814814812,0.5332722444437752,8.0,10139.083333333334,6.51,16.0,0.52,655.76,9663.44
13,Metropolitana de Santiago,Santiago,13128,Renca,143622.0,12523,8.72,10.44,0.0,5.638888888888889,2.5127759967566834,5.0,17494.333333333332,4.3,24.0,0.35,1218.08,5984.25
13,Metropolitana de Santiago,Santiago,13129,San Joaquín,95602.0,14088,14.74,17.77,0.0,6.0,0.0,10.0,10495.916666666666,9.53,10.0,1.05,1097.88,9560.2
13,Metropolitana de Santiago,Santiago,13130,San Miguel,150829.0,39266,26.03,33.53,0.0,2.5580204778157,0.4966222147206444,6.0,9596.666666666666,17.6,10.0,0.4,636.26,15082.9
13,Metropolitana de Santiago,Santiago,13131,San Ramón,76002.0,6214,8.18,9.79,0.0,4.662531017369727,2.925927656491704,7.0,9622.083333333334,2.27,7.0,0.92,1266.03,10857.43
13,Metropolitana de Santiago,Santiago,13132,Vitacura,86420.0,9401,10.88,22.51,0.0,2.8051750380517504,0.3960658987468028,2.0,1531.4166666666667,20.53,28.0,0.23,177.21,3086.43
13,Metropolitana de Santiago,Cordillera,13201,Puente Alto,568086.0,29760,5.24,5.89,0.0,2.097680955727337,0.5350815459581347,15.0,32119.33333333333,1.3,88.0,0.26,565.4,6455.52
13,Metropolitana de Santiago,Cordillera,13202,Pirque,29060.0,637,2.19,2.6,0.6089552238805971,5.217910447761194,0.975968768330481,5.0,2934.75,0.06,445.0,1.72,1009.89,65.3
13,Metropolitana de Santiago,Cordillera,13203,San José de Maipo,17441.0,823,4.72,6.0,0.6818181818181819,4.636363636363637,0.9315409787236,4.0,2063.9166666666665,1.51,4995.0,2.29,1183.37,3.49
13,Metropolitana de Santiago,Chacabuco,13301,Colina,173293.0,22498,12.98,16.61,0.2367941712204007,2.805100182149362,1.8496027828818844,10.0,8358.25,8.29,971.0,0.58,482.32,178.47
13,Metropolitana de Santiago,Chacabuco,13302,Lampa,145160.0,18608,12.82,15.18,0.2473498233215547,2.524734982332156,1.9431649305793577,7.0,7268.083333333333,8.15,452.0,0.48,500.69,321.15
13,Metropolitana de Santiago,Chacabuco,13303,Tiltil,19742.0,1133,5.74,8.9,0.6178343949044587,4.764331210191083,0.9718334330069122,7.0,1940.0833333333333,2.53,653.0,3.55,982.72,30.23
13,Metropolitana de Santiago,Maipo,13401,San Bernardo,306371.0,19544,6.38,8.29,0.0972785176606831,2.1036479444122755,0.8323396183483432,17.0,21892.166666666668,1.49,155.0,0.55,714.56,1976.59
13,Metropolitana de Santiago,Maipo,13402,Buin,116969.0,5960,5.1,6.45,0.2392026578073089,2.4551495016611296,1.054407799769158,13.0,9235.333333333334,2.42,214.0,1.11,789.55,546.58
13,Metropolitana de Santiago,Maipo,13403,Calera de Tango,25491.0,898,3.52,5.5,0.6036363636363635,5.207272727272727,0.9782831985314506,4.0,2019.9166666666667,0.69,73.0,1.57,792.4,349.19
13,Metropolitana de Santiago,Maipo,13404,Paine,78828.0,5365,6.81,8.42,0.4057017543859649,3.969298245614035,2.799424351634321,9.0,6986.916666666667,3.82,678.0,1.14,886.35,116.27
13,Metropolitana de Santiago,Melipilla,13501,Melipilla,136325.0,11069,8.12,10.7,0.3413793103448275,2.25,1.809338800930253,14.0,10531.0,5.38,1345.0,1.03,772.49,101.36
13,Metropolitana de Santiago,Melipilla,13502,Alhué,7768.0,918,11.82,18.29,0.760233918128655,4.0,0.0,5.0,2002.6666666666667,11.14,845.0,6.44,2578.1,9.19
13,Metropolitana de Santiago,Melipilla,13503,Curacaví,35165.0,1460,4.15,5.21,0.5536332179930796,5.107266435986159,0.994230311200995,3.0,3537.9166666666665,0.16,693.0,0.85,1006.09,50.74
13,Metropolitana de Santiago,Melipilla,13504,María Pinto,15352.0,356,2.32,4.02,0.5380710659898478,4.0,0.0,5.0,1395.3333333333333,1.03,395.0,3.26,908.89,38.87
13,Metropolitana de Santiago,Melipilla,13505,San Pedro,11108.0,1260,11.34,17.78,1.0,4.0,0.0,6.0,1559.25,12.06,788.0,5.4,1403.72,14.1
13,Metropolitana de Santiago,Talagante,13601,Talagante,76429.0,4559,5.97,5.84,0.3196125907990315,6.0,0.0,6.0,4366.833333333333,0.38,126.0,0.79,571.36,606.58
13,Metropolitana de Santiago,Talagante,13602,El Monte,37497.0,1090,2.91,3.79,0.4041666666666665,4.0,0.0,3.0,3507.333333333333,0.38,118.0,0.8,935.36,317.77
13,Metropolitana de Santiago,Talagante,13603,Isla de Maipo,39274.0,1502,3.82,4.41,0.4379310344827587,4.875862068965517,0.9922649717078992,9.0,4799.25,0.53,189.0,2.29,1221.99,207.8
13,Metropolitana de Santiago,Talagante,13604,Padre Hurtado,81243.0,5296,6.52,9.45,0.3713646532438479,5.715883668903803,2.049126635562084,2.0,5881.916666666667,0.37,81.0,0.25,723.99,1003.0
13,Metropolitana de Santiago,Talagante,13605,Peñaflor,94402.0,3731,3.95,4.96,0.3151969981238274,4.98499061913696,2.27881997908956,5.0,7049.666666666667,1.98,69.0,0.53,746.77,1368.14
14,Los Ríos,Valdivia,14101,Valdivia,170043.0,5099,3.0,3.42,0.0632881830920131,2.1039234002802427,1.0986759139374322,22.0,14574.25,0.86,1016.0,1.29,857.09,167.37
14,Los Ríos,Valdivia,14102,Corral,5501.0,52,0.95,0.89,0.6857142857142857,1.9428571428571428,1.392692297937593,3.0,797.3333333333334,0.02,767.0,5.45,1449.43,7.17
14,Los Ríos,Valdivia,14103,Lanco,16876.0,140,0.83,0.67,0.2775229357798165,4.0,0.0,4.0,1983.0,0.07,532.0,2.37,1175.04,31.72
14,Los Ríos,Valdivia,14104,Los Lagos,21431.0,258,1.2,0.99,0.4734848484848484,4.0,0.0,10.0,2054.25,0.03,1791.0,4.67,958.54,11.97
14,Los Ríos,Valdivia,14105,Máfil,8074.0,77,0.95,0.9,0.4637096774193547,2.3911290322580645,1.4960438203418154,4.0,621.4166666666666,0.31,583.0,4.95,769.65,13.85
14,Los Ríos,Valdivia,14106,Mariquina,22973.0,212,0.92,0.89,0.5551330798479088,4.0,0.0,13.0,2292.9166666666665,0.49,1321.0,5.66,998.09,17.39
14,Los Ríos,Valdivia,14107,Paillaco,19802.0,222,1.12,1.5,0.4448000000000001,4.0,0.0,8.0,2889.25,0.17,896.0,4.04,1459.07,22.1
14,Los Ríos,Valdivia,14108,Panguipulli,35098.0,493,1.4,1.2,0.5360721442885772,4.0,0.0,16.0,4827.25,0.61,3292.0,4.56,1375.36,10.66
14,Los Ríos,Ranco,14201,La Unión,38907.0,321,0.83,1.13,0.3661347517730495,4.314716312056738,2.658999790157976,13.0,3745.3333333333335,0.1,2137.0,3.34,962.64,18.21
14,Los Ríos,Ranco,14202,Futrono,15635.0,216,1.38,1.17,0.4107883817427387,4.0,0.0,8.0,1791.8333333333333,0.92,2121.0,5.12,1146.04,7.37
14,Los Ríos,Ranco,14203,Lago Ranco,10527.0,93,0.88,0.68,0.8214285714285714,4.0,0.0,8.0,1074.6666666666667,0.0,1763.0,7.6,1020.87,5.97
14,Los Ríos,Ranco,14204,Río Bueno,33363.0,325,0.97,1.01,0.4688172043010752,5.06236559139785,0.9980533718241708,10.0,1745.0833333333333,0.7,2212.0,3.0,523.06,15.08
15,Arica y Parinacota,Arica,15101,Arica,241653.0,35592,14.73,19.54,0.0890111263907988,1.8877359669958744,0.8843054403368008,15.0,13022.583333333334,11.31,4799.0,0.62,538.9,50.35
15,Arica y Parinacota,Arica,15102,Camarones,861.0,101,11.73,65.83,1.0,1.0,0.0,1.0,281.0,12.22,3927.0,11.61,3263.65,0.22
15,Arica y Parinacota,Parinacota,15201,Putre,1547.0,362,23.4,48.8,0.4025974025974026,2.792207792207792,1.4712629289739645,4.0,356.0,12.36,5903.0,25.86,2301.23,0.26
15,Arica y Parinacota,Parinacota,15202,General Lagos,508.0,133,26.18,59.68,1.0,1.0,0.0,1.0,54.91666666666666,9.71,2244.0,19.69,1081.04,0.23
16,Ñuble,Diguillín,16101,Chillán,190382.0,6928,3.64,5.11,0.1003571428571428,2.037142857142857,1.2115717570366928,16.0,15075.916666666666,0.99,511.0,0.84,791.88,372.57
16,Ñuble,Diguillín,16102,Bulnes,23863.0,257,1.08,1.18,0.3666666666666667,5.266666666666667,0.9637888196533974,4.0,2237.583333333333,0.01,425.0,1.68,937.68,56.15
16,Ñuble,Diguillín,16103,Chillán Viejo,32688.0,792,2.42,2.63,0.1511423550087873,5.244288224956064,1.790937907432758,5.0,4286.0,0.1,292.0,1.53,1311.18,111.95
16,Ñuble,Diguillín,16104,El Carmen,13186.0,103,0.78,0.71,0.6473429951690821,2.057971014492753,1.433391215255429,11.0,1675.5833333333333,0.19,664.0,8.34,1270.73,19.86
16,Ñuble,Diguillín,16105,Pemuco,8930.0,0,0.0,0.71,0.5707964601769913,2.2876106194690267,1.4848874539969923,4.0,1276.6666666666667,0.0,563.0,4.48,1429.64,15.86
16,Ñuble,Diguillín,16106,Pinto,12502.0,212,1.7,1.51,0.5663716814159292,5.132743362831858,0.991150442477876,4.0,1772.6666666666667,0.32,1164.0,3.2,1417.91,10.74
16,Ñuble,Diguillín,16107,Quillón,19165.0,424,2.21,2.6,0.5221238938053097,4.0,0.0,6.0,2910.833333333333,1.06,423.0,3.13,1518.83,45.31
16,Ñuble,Diguillín,16108,San Ignacio,17405.0,114,0.65,1.17,0.5631399317406143,1.0,0.0,6.0,3084.25,0.06,364.0,3.45,1772.05,47.82
16,Ñuble,Diguillín,16109,Yungay,18680.0,171,0.92,0.67,0.2506811989100816,4.0,0.0,3.0,2884.1666666666665,0.04,824.0,1.61,1543.99,22.67
16,Ñuble,Itata,16201,Quirihue,11746.0,72,0.61,1.14,0.4530201342281879,2.640939597315436,1.4933639977944302,2.0,1254.1666666666667,0.0,589.0,1.7,1067.74,19.94
16,Ñuble,Itata,16202,Cobquecura,5495.0,73,1.33,1.54,0.7549668874172186,3.509933774834437,0.8602136625763983,4.0,993.4166666666666,0.23,570.0,7.28,1807.86,9.64
16,Ñuble,Itata,16203,Coelemu,15895.0,154,0.97,1.15,0.2937685459940653,3.1186943620178043,1.3664615934622466,4.0,1296.1666666666667,0.12,342.0,2.52,815.46,46.48
16,Ñuble,Itata,16204,Ninhue,5763.0,0,0.0,0.59,0.6614173228346456,1.0,0.0,4.0,1188.8333333333333,0.08,401.0,6.94,2062.87,14.37
16,Ñuble,Itata,16205,Portezuelo,5203.0,0,0.0,0.6,0.6692307692307693,3.007692307692308,1.411470340003664,4.0,937.0833333333334,0.17,282.0,7.69,1801.04,18.45
16,Ñuble,Itata,16206,Ránquil,6508.0,0,0.0,0.48,0.768041237113402,1.0,0.0,4.0,1259.1666666666667,0.05,248.0,6.15,1934.8,26.24
16,Ñuble,Itata,16207,Trehuaco,6124.0,0,0.0,0.25,0.6994535519125684,1.901639344262295,1.3754870139936417,5.0,1332.0,0.03,313.0,8.16,2175.05,19.57
16,Ñuble,Punilla,16301,San Carlos,55847.0,814,1.46,2.04,0.3815028901734103,4.47514450867052,2.3109979844905872,11.0,5747.0,0.33,874.0,1.97,1029.06,63.9
16,Ñuble,Punilla,16302,Coihueco,29766.0,314,1.05,1.86,0.6591928251121075,5.318385650224215,0.9479612743837712,6.0,5465.0,0.11,1777.0,2.02,1835.99,16.75
16,Ñuble,Punilla,16303,Ñiquén,12797.0,70,0.55,0.72,0.8558951965065502,3.567685589519651,1.05358790897204,7.0,1876.5833333333333,0.05,493.0,5.47,1466.42,25.96
16,Ñuble,Punilla,16304,San Fabián,5245.0,87,1.66,1.3,0.7465753424657535,1.7602739726027397,1.3049158610389668,4.0,1033.25,0.0,1568.0,7.63,1969.97,3.35
16,Ñuble,Punilla,16305,San Nicolás,15099.0,185,1.23,1.62,0.5555555555555556,4.0,0.0,3.0,2876.583333333333,0.06,491.0,1.99,1905.15,30.75
